epoch,step,train_loss,val_cer,val_loss,val_wer
0,886,,1.0,3.491776466369629,1.0
0,886,3.3747646808624268,,,
1,1773,,1.0,3.5006840229034424,1.0
1,1773,3.3199992179870605,,,
