epoch,step,val_cer,val_loss,val_wer
,,0.1418449580669403,1.3162779808044434,0.34377697110176086
