epoch,step,val_cer,val_loss,val_wer
0,0,0.1425289660692215,1.729918360710144,0.3447548449039459
