epoch,step,train_loss,val_loss,val_per
0,369,,2.6915361881256104,0.9505341053009033
0,369,4.199003219604492,,
1,739,,0.7931910157203674,0.24639758467674255
1,739,2.1228864192962646,,
2,1109,,0.5355960726737976,0.19291704893112183
2,1109,1.108415126800537,,
3,1479,,0.48540475964546204,0.1835615485906601
3,1479,0.8084132075309753,,
4,1849,,0.4483805000782013,0.17865079641342163
4,1849,0.7088953256607056,,
5,1850,,0.43438175320625305,0.16976001858711243
