epoch,step,train_loss,val_loss,val_per
0,369,,2.671971559524536,0.9462326765060425
0,369,4.140231609344482,,
1,739,,0.6846995949745178,0.2143164426088333
1,739,1.9775809049606323,,
2,1109,,0.5112451314926147,0.17223456501960754
2,1109,0.9660301208496094,,
3,1479,,0.44653216004371643,0.15757401287555695
3,1479,0.7516725063323975,,
4,1849,,0.43032318353652954,0.16470715403556824
4,1849,0.6615235805511475,,
5,1850,,0.4370085299015045,0.1563226580619812
