epoch,step,val_cer,val_loss,val_wer
0,886,0.16588522493839264,0.8168434500694275,0.46870729327201843
