epoch,step,train_loss,val_loss,val_per
0,369,,9.967333793640137,0.7039572596549988
0,369,11.187837600708008,,
1,739,,7.662237644195557,0.5838411450386047
1,739,9.152363777160645,,
2,1109,,5.885532379150391,0.5552011132240295
2,1109,7.245758056640625,,
3,1479,,4.648706912994385,0.5356656312942505
3,1479,5.778538227081299,,
4,1849,,3.7919411659240723,0.515269935131073
4,1849,4.804359436035156,,
5,1850,,3.921877145767212,0.5238207578659058
