epoch,step,train_loss,val_loss,val_per
0,369,,3.3594069480895996,1.0
0,369,4.185877799987793,,
1,739,,3.3009722232818604,0.9972757697105408
1,739,3.330517530441284,,
2,1109,,3.0873031616210938,0.8403469920158386
2,1109,3.272524356842041,,
