epoch,step,train_loss,val_cer,val_loss,val_wer
0,886,,1.0,3.2250709533691406,1.0
0,886,3.41784405708313,,,
1,1773,,0.10860981792211533,0.5685663819313049,0.35376566648483276
1,1773,1.3332527875900269,,,
2,2660,,0.10126840323209763,0.48650771379470825,0.3019169867038727
2,2660,0.39060690999031067,,,
