epoch,step,val_cer,val_loss,val_wer
0,0,0.16432054340839386,1.3721251487731934,0.3944547772407532
