epoch,step,val_cer,val_loss,val_wer
0,0,0.954921305179596,17.149015426635742,7.911783218383789
