epoch,step,train_loss,val_cer,val_loss,val_wer
0,886,,1.0,3.3716344833374023,1.0
0,886,3.3643383979797363,,,
1,1773,,1.0,3.4287631511688232,1.0
1,1773,3.3296608924865723,,,
2,2660,,1.0,3.369382381439209,1.0
2,2660,3.328357696533203,,,
3,3547,,1.0,3.361199140548706,1.0
3,3547,3.327815294265747,,,
4,4434,,1.0,3.3659653663635254,1.0
4,4434,3.326411008834839,,,
5,4435,,1.0,3.385732412338257,1.0
