epoch,step,train_loss,val_cer,val_loss,val_wer
0,886,,1.0,3.4043517112731934,1.0
0,886,3.366392135620117,,,
1,1773,,1.0,3.4017629623413086,1.0
1,1773,3.321406841278076,,,
