epoch,step,train_loss,val_loss,val_per
0,369,,2.645275115966797,0.9523263573646545
0,369,4.139636039733887,,
1,739,,0.694714367389679,0.2062871903181076
1,739,1.8547143936157227,,
2,1109,,0.49232861399650574,0.1695820540189743
2,1109,0.9451581239700317,,
3,1479,,0.42829427123069763,0.14380958676338196
3,1479,0.7428780198097229,,
4,1849,,0.4046993553638458,0.13771596550941467
4,1849,0.6737914681434631,,
5,1850,,0.39428457617759705,0.13486622273921967
