epoch,step,train_loss,val_loss,val_per
0,369,,3.3042314052581787,1.0
0,369,3.4670703411102295,,
1,739,,3.2909226417541504,1.0
1,739,3.2996654510498047,,
2,1109,,3.307572841644287,1.0
2,1109,3.310110330581665,,
3,1479,,3.3010921478271484,1.0
3,1479,3.294184923171997,,
4,1849,,3.3069770336151123,1.0
4,1849,3.2914211750030518,,
5,1850,,3.321899890899658,1.0
