epoch,step,train_loss,val_loss,val_per
0,369,,0.427992582321167,0.1993332803249359
0,369,0.8476132750511169,,
1,739,,0.3975251317024231,0.18721772730350494
1,739,0.5534395575523376,,
2,1109,,0.3588498532772064,0.17424188554286957
2,1109,0.512198805809021,,
3,1479,,0.35614117980003357,0.17936769127845764
3,1479,0.4836271405220032,,
4,1849,,0.3552730083465576,0.1695820540189743
4,1849,0.4892610013484955,,
5,1850,,0.3382880687713623,0.16471607983112335
