epoch,step,train_loss,val_cer,val_loss,val_wer
0,886,,1.0,3.4204020500183105,1.0
0,886,3.362441301345825,,,
1,1773,,1.0,3.3877313137054443,1.0
1,1773,3.33196759223938,,,
2,2660,,1.0,3.4692602157592773,1.0
2,2660,3.3309078216552734,,,
3,3547,,1.0,3.3620290756225586,1.0
3,3547,3.3318159580230713,,,
4,4434,,1.0,3.378056049346924,1.0
4,4434,3.326946496963501,,,
5,4435,,1.0,3.4340012073516846,1.0
