epoch,step,train_loss_step
0,49,2.156285285949707
0,99,2.4795327186584473
0,149,2.6536974906921387
