epoch,step,train_loss,val_loss,val_per
0,369,,9.966827392578125,0.6997275948524475
0,369,11.144400596618652,,
1,739,,7.540634632110596,0.5795038938522339
1,739,9.037552833557129,,
2,1109,,5.521335124969482,0.5440891981124878
2,1109,6.970975875854492,,
3,1479,,4.1038289070129395,0.5247688293457031
3,1479,5.35317850112915,,
4,1849,,3.1456265449523926,0.5065954327583313
4,1849,4.153916835784912,,
5,1850,,3.26299786567688,0.51765376329422
