epoch,step,train_loss,val_loss,val_per
0,369,,9.942776679992676,0.6955695748329163
0,369,11.156051635742188,,
1,739,,7.707845211029053,0.5781776309013367
1,739,9.142507553100586,,
2,1109,,5.948792934417725,0.5495375990867615
2,1109,7.26962423324585,,
3,1479,,4.7041215896606445,0.5325829982757568
3,1479,5.844677925109863,,
4,1849,,3.8397538661956787,0.5198580622673035
4,1849,4.841601371765137,,
5,1850,,3.9726221561431885,0.5231311917304993
