epoch,step,train_loss,val_loss,val_per
0,369,,2.6611571311950684,0.9753745794296265
0,369,4.218535900115967,,
1,739,,0.7270992398262024,0.2520252466201782
1,739,1.859151840209961,,
2,1109,,0.4913027882575989,0.20410065352916718
2,1109,0.938206136226654,,
3,1479,,0.43787041306495667,0.18761201202869415
3,1479,0.7568144202232361,,
4,1849,,0.423564612865448,0.1906946748495102
4,1849,0.6525653600692749,,
5,1850,,0.42438751459121704,0.18093155324459076
