epoch,step,train_loss,val_loss,val_per
0,369,,3.308410406112671,1.0
0,369,3.449350357055664,,
1,739,,3.340712785720825,1.0
1,739,3.2968082427978516,,
2,1109,,3.1991262435913086,0.9038640856742859
2,1109,3.2389936447143555,,
3,1479,,3.0328481197357178,0.8023872971534729
3,1479,3.1968936920166016,,
4,1849,,2.099029779434204,0.6496164798736572
4,1849,2.796618700027466,,
5,1850,,2.108844518661499,0.6560074090957642
