epoch,step,train_loss,val_loss,val_per
0,369,,3.311675786972046,1.0
0,369,3.515377998352051,,
1,739,,3.319056749343872,1.0
1,739,3.310887336730957,,
2,1109,,2.6591665744781494,0.7323822379112244
2,1109,3.095552682876587,,
3,1479,,0.5112245678901672,0.23356513679027557
3,1479,1.705705165863037,,
4,1849,,0.4082867503166199,0.22198723256587982
4,1849,0.7030448317527771,,
5,1850,,0.3872241973876953,0.2221696823835373
